benchmark,n_models,n_rows,first_date,last_date,current_sota,crossed_90,crossed_95,projected_95,sat,model,ceiling,rate_k,rmse,vmax,lifespan_yr,empirical,intro_yr,in_lifespan_sample
adversarial_nli,11,15,2022-01-27,2024-04-23,0.581,,,2030-10-11,2030-10-11,logistic,1,0.170933,0.0350063,,8.70291,False,2022.07,False
aider_polyglot,71,72,2024-03-26,2025-12-01,0.88,,,2025-11-17,2025-11-17,logistic,0.877034,4.69486,0.0425844,13.8,1.64531,False,2024.24,True
apex_agents,49,49,2024-11-20,2026-06-16,0.496,,,2028-01-24,2028-01-24,gompertz,0.887269,1.10605,0.0412886,,3.17565,False,2024.89,True
arc_agi,158,158,2024-09-12,2026-07-09,0.98,2025-12-11,2026-02-19,,2026-02-19,logistic,1,2.73082,0.056423,8.76667,1.43725,True,2024.7,True
arc_agi_2,149,157,2024-07-18,2026-07-09,0.925,2026-07-09,,2026-06-13,2026-06-13,logistic,0.938613,6.19985,0.0477133,15.6467,1.90265,False,2024.55,True
arc_ai2,76,106,2019-11-05,2024-12-26,0.953,2024-04-23,2024-07-23,,2024-07-23,logistic,0.979257,1.22126,0.100963,16.3,4.71419,True,2019.85,True
balrog,35,36,2024-05-13,2026-02-19,0.581,,,2029-10-08,2029-10-08,logistic,1,0.572226,0.0321849,,5.40407,False,2024.37,True
bbh,50,75,2023-02-24,2024-12-26,0.892,,,2025-04-18,2025-04-18,gompertz,0.959009,1.22101,0.03821,5.57333,2.1463,False,2023.15,True
bool_q,65,96,2019-11-05,2024-08-17,0.909,2023-05-17,,,,logistic,1,0.536304,0.0639784,6.47667,,False,2019.85,False
cad_eval,14,14,2024-03-07,2025-04-16,0.74,,,2026-03-20,2026-03-20,logistic,0.745045,4.49437,0.0457974,12,2.03406,False,2024.18,True
chess_puzzles,56,56,2025-01-31,2026-07-09,0.64,,,2027-11-08,2027-11-08,logistic,1,1.7302,0.0268846,,2.76774,False,2025.08,True
cl_bench,22,22,2025-04-16,2026-03-31,0.279,,,2032-04-01,2032-04-01,,,,,,6.95905,False,2025.29,False
cl_bench_life,16,16,2025-09-29,2026-04-24,0.222,,,2029-12-15,2029-12-15,,,,,,4.21047,False,2025.75,True
common_sense_qa_2,3,3,2022-01-27,2023-07-18,0.57,,,,,,,,,,,False,2022.07,False
critpt,69,69,2024-07-23,2026-07-09,0.323,,,2028-03-18,2028-03-18,logistic,0.376394,3.98003,0.0265958,,3.65199,False,2024.56,True
cursorbench,28,28,2026-01-27,2026-07-09,0.729,,,2027-01-04,2027-01-04,,,,,,0.936268,False,2026.07,True
cybench,22,22,2024-02-15,2026-02-05,0.93,2026-02-05,,2026-12-01,2026-12-01,logistic,1,2.50174,0.0738956,13,2.79238,False,2024.13,True
exploitbench,9,16,2025-10-15,2026-04-23,0.41,,,2028-01-29,2028-01-29,,,,,,2.28866,False,2025.79,True
fictionlivebench,42,42,2024-12-17,2026-01-27,1,2025-03-25,2025-04-16,,2025-04-16,,,,,,0.328515,True,2024.96,True
frontiercode,11,11,2026-01-27,2026-05-28,0.134,,,,,,,,,,,False,2026.07,False
frontiermath,101,101,2024-06-20,2026-05-28,0.524,,,2028-01-20,2028-01-20,gompertz,0.623059,1.58043,0.026869,,3.58355,False,2024.47,True
frontiermath_tier_4,72,72,2024-06-20,2026-05-28,0.479,,,2027-07-31,2027-07-31,logistic,0.650109,3.28005,0.0206549,,3.10994,False,2024.47,True
gbaeval,16,16,2026-02-05,2026-06-16,0.745,,,2027-01-31,2027-01-31,,,,,,0.985545,False,2026.1,True
gdp_pdf,9,9,2025-12-17,2026-06-09,0.3,,,2027-12-24,2027-12-24,,,,,,2.01763,False,2025.96,True
gdpval,11,11,2024-11-20,2025-12-11,0.497,,,2027-11-07,2027-11-07,logistic,0.51557,4.40329,0.0411848,,2.96211,False,2024.89,True
gpqa_diamond,181,181,2023-03-14,2026-07-09,0.946,2025-11-18,,2026-07-01,2026-07-01,logistic,1,1.16118,0.0495874,5.37668,3.29884,False,2023.2,True
gsm8k,85,134,2020-06-22,2024-11-29,0.945,2023-03-14,,,,gompertz,0.926597,2.74018,0.0750604,18.7,,False,2020.48,False
gso,36,36,2024-10-22,2026-04-23,0.441,,,2027-05-31,2027-05-31,logistic,1,2.59317,0.0266017,,2.60348,False,2024.81,True
hella_swag,70,93,2019-11-05,2024-12-26,0.953,2023-03-14,2023-03-14,,2023-03-14,logistic,1,0.774365,0.049739,5.4,3.35359,True,2019.85,True
hle,46,51,2024-09-24,2026-04-16,0.464,,,2028-01-19,2028-01-19,gompertz,0.977712,0.966062,0.0246878,,3.318,False,2024.73,True
lambada,26,31,2021-12-08,2023-11-30,0.872,,,,,,,,,,,False,2021.94,False
live_bench,50,52,2024-02-29,2025-11-13,0.823,,,2026-06-07,2026-06-07,logistic,1,1.35192,0.0505338,5.97,2.26949,False,2024.16,True
math_level_5,108,108,2023-06-13,2025-10-15,0.981,2024-12-17,2025-01-31,,2025-01-31,logistic,1,2.41324,0.0821856,12.5,1.6371,True,2023.45,True
mmlu,135,196,2021-08-05,2025-02-26,0.881,,,,,gompertz,0.859423,2.12399,0.0594152,11.4333,,False,2021.59,False
open_book_qa,42,58,2019-11-05,2024-04-23,0.88,,,2026-12-30,2026-12-30,logistic,0.935851,0.953289,0.0781883,9.06667,7.15068,False,2019.85,True
os_world,9,20,2024-09-19,2026-02-17,0.721,,,2027-02-07,2027-02-07,gompertz,0.753122,2.67552,0.0595238,10.2667,2.38447,False,2024.72,True
osworld_2,7,9,2026-02-17,2026-06-01,0.206,,,2027-12-24,2027-12-24,,,,,,1.8479,False,2026.13,False
otis_mock_aime_2024_2025,154,154,2023-03-14,2026-07-09,1,2025-08-07,2025-12-11,,2025-12-11,gompertz,0.943352,3.91037,0.0466205,13.3796,2.74584,True,2023.2,True
piqa,59,79,2019-11-05,2024-12-26,0.887,,,,,logistic,0.993064,0.2689,0.0247445,2.59667,,False,2019.85,False
posttrainbench,27,30,2025-09-24,2026-06-16,0.343,,,2028-06-08,2028-06-08,,,,,,2.70477,False,2025.73,True
rli,10,10,2025-06-05,2026-06-09,0.161,,,2028-01-09,2028-01-09,,,,,,2.59527,False,2025.43,True
scicode,67,68,2024-07-23,2026-07-09,0.602,,,2029-04-19,2029-04-19,gompertz,0.661024,1.20523,0.0437167,,4.73883,False,2024.56,True
science_qa,23,26,2022-01-27,2024-08-16,0.913,2024-08-16,,,,logistic,1,0.247297,0.0367075,2.93333,,False,2022.07,False
simplebench,91,91,2024-02-29,2026-07-09,0.819,,,2027-06-22,2027-06-22,logistic,0.988127,1.29754,0.0303692,4.73333,3.30979,False,2024.16,True
simpleqa_verified,64,64,2024-10-22,2026-07-09,0.773,,,2027-05-01,2027-05-01,gompertz,0.699776,8.03664,0.0725011,16.4333,2.52135,False,2024.81,True
superglue,1,1,2022-01-27,2022-01-27,0.718,,,,,,,,,,,False,2022.07,False
swe_bench_verified,33,35,2024-11-20,2026-06-16,0.835,,,2027-06-13,2027-06-13,logistic,0.777152,5.37135,0.0441235,10.4424,2.55968,False,2024.89,True
terminalbench,59,175,2025-06-17,2026-04-23,0.902,2026-04-16,,2026-08-10,2026-08-10,,,,,,1.14707,False,2025.46,True
the_agent_company,14,16,2024-06-07,2025-09-29,0.524,,,2027-07-26,2027-07-26,gompertz,0.4716,3.63406,0.0374044,,3.13184,False,2024.44,True
trivia_qa,38,101,2021-12-08,2024-12-26,0.876,,,,,logistic,1,0.492475,0.0145422,1.86667,,False,2021.94,False
video_mme,50,50,2023-08-20,2025-06-18,0.797,,,,,logistic,0.761817,5.03208,0.0302134,8.36667,,False,2023.64,False
vpct,38,38,2024-06-20,2025-12-17,0.91,2025-11-18,,2026-12-01,2026-12-01,logistic,1,1.41263,0.0542967,8.33333,2.44744,False,2024.47,True
weirdml,143,144,2023-06-13,2026-07-09,0.888,,,2027-08-11,2027-08-11,logistic,1,1.26743,0.041259,5.53,4.16119,False,2023.45,True
wino_grande,80,103,2019-11-05,2024-12-26,0.892,,,,,logistic,1,0.502383,0.0508929,4.9,,False,2019.85,False
