benchmark,model,ceiling,midpoint_year,rate_k,rmse,n
adversarial_nli,logistic,1,2025.02,0.170933,0.0350063,23
adversarial_nli,gompertz,1,2021.84,0.110846,0.0351623,23
aider_polyglot,logistic,0.877034,2024.77,4.69486,0.0425844,18
aider_polyglot,gompertz,0.952744,2024.67,2.79372,0.0447188,18
apex_agents,logistic,0.615455,2025.95,2.5055,0.0431367,19
apex_agents,gompertz,0.887269,2026,1.10605,0.0412886,19
arc_agi,logistic,1,2025.27,2.73082,0.056423,18
arc_agi,gompertz,1,2025.05,1.96715,0.0590041,18
arc_agi_2,logistic,0.938613,2025.89,6.19985,0.0477133,25
arc_agi_2,gompertz,1,2025.8,3.78756,0.0586637,25
arc_ai2,logistic,0.979257,2021.7,1.22126,0.100963,57
arc_ai2,gompertz,1,2021.17,0.774477,0.113511,57
balrog,logistic,1,2025.9,0.572226,0.0321849,19
balrog,gompertz,1,2024.94,0.363612,0.0329747,19
bbh,logistic,0.933449,2022.8,1.5495,0.0383923,16
bbh,gompertz,0.959009,2022.56,1.22101,0.03821,16
bool_q,logistic,1,2019.63,0.536304,0.0639784,43
bool_q,gompertz,1,2018.83,0.440541,0.0662835,43
cad_eval,logistic,0.745045,2024.71,4.49437,0.0457974,14
cad_eval,gompertz,0.972528,2024.69,2.06266,0.048627,14
chess_puzzles,logistic,1,2025.99,1.7302,0.0268846,16
chess_puzzles,gompertz,1,2025.64,1.06665,0.031387,16
common_sense_qa_2,logistic,0.551677,2015,0.424975,0.00875245,18
common_sense_qa_2,gompertz,0.550615,2015,0.434416,0.00875956,18
critpt,logistic,0.376394,2025.97,3.98003,0.0265958,25
critpt,gompertz,0.489798,2025.94,1.83146,0.026966,25
cybench,logistic,1,2025.51,2.50174,0.0738956,25
cybench,gompertz,1,2025.24,1.50023,0.096792,25
frontiermath,logistic,0.520696,2025.47,3.01366,0.0310053,23
frontiermath,gompertz,0.623059,2025.37,1.58043,0.026869,23
frontiermath_tier_4,logistic,0.650109,2026.06,3.28005,0.0206549,24
frontiermath_tier_4,gompertz,1,2026.15,1.34202,0.0220948,24
gdpval,logistic,0.51557,2025.31,4.40329,0.0411848,14
gdpval,gompertz,0.609847,2025.24,2.30399,0.042779,14
gpqa_diamond,logistic,1,2024.12,1.16118,0.0495874,37
gpqa_diamond,gompertz,1,2023.63,0.853407,0.0613956,37
gsm8k,logistic,0.915582,2022.38,3.81196,0.0827695,49
gsm8k,gompertz,0.926597,2022.21,2.74018,0.0750604,49
gso,logistic,1,2026.31,2.59317,0.0266017,19
gso,gompertz,1,2026.11,1.30465,0.0334402,19
hella_swag,logistic,1,2020.59,0.774365,0.049739,41
hella_swag,gompertz,1,2019.95,0.603024,0.0530911,41
hle,logistic,0.6144,2025.71,2.33573,0.0258675,18
hle,gompertz,0.977712,2025.87,0.966062,0.0246878,18
live_bench,logistic,1,2024.33,1.35192,0.0505338,14
live_bench,gompertz,1,2023.95,1.01453,0.0537003,14
math_level_5,logistic,1,2024.2,2.41324,0.0821856,27
math_level_5,gompertz,1,2023.92,1.69279,0.0971266,27
mmlu,logistic,0.852737,2021.86,2.66061,0.0629,40
mmlu,gompertz,0.859423,2021.69,2.12399,0.0594152,40
open_book_qa,logistic,0.935851,2021.84,0.953289,0.0781883,54
open_book_qa,gompertz,1,2021.31,0.589915,0.0831908,54
os_world,logistic,0.704314,2025.27,4.23917,0.063877,18
os_world,gompertz,0.753122,2025.15,2.67552,0.0595238,18
otis_mock_aime_2024_2025,logistic,0.926276,2024.77,5.71003,0.0489011,38
otis_mock_aime_2024_2025,gompertz,0.943352,2024.67,3.91037,0.0466205,38
piqa,logistic,0.993064,2017.11,0.2689,0.0247445,57
piqa,gompertz,1,2015.87,0.230485,0.0248781,57
scicode,logistic,0.628995,2025.07,1.71637,0.045939,24
scicode,gompertz,0.661024,2024.81,1.20523,0.0437167,24
science_qa,logistic,1,2018.44,0.247297,0.0367075,32
science_qa,gompertz,1,2017.05,0.213788,0.0369539,32
simplebench,logistic,0.988127,2025.11,1.29754,0.0303692,29
simplebench,gompertz,1,2024.68,0.910705,0.0340655,29
simpleqa_verified,logistic,0.6957,2025.24,10.1926,0.075209,17
simpleqa_verified,gompertz,0.699776,2025.19,8.03664,0.0725011,17
swe_bench_verified,logistic,0.777152,2024.96,5.37135,0.0441235,18
swe_bench_verified,gompertz,0.788707,2024.87,3.9583,0.0448184,18
the_agent_company,logistic,0.4716,2024.72,4.79451,0.0404038,16
the_agent_company,gompertz,0.4716,2024.6,3.63406,0.0374044,16
trivia_qa,logistic,1,2019.61,0.492475,0.0145422,20
trivia_qa,gompertz,1,2019.06,0.445339,0.0145511,20
video_mme,logistic,0.761817,2023.62,5.03208,0.0302134,23
video_mme,gompertz,0.764666,2023.53,4.07711,0.0326399,23
vpct,logistic,1,2025.13,1.41263,0.0542967,18
vpct,gompertz,1,2024.73,0.976099,0.0593146,18
weirdml,logistic,1,2025.13,1.26743,0.041259,38
weirdml,gompertz,1,2024.63,0.857642,0.0447659,38
wino_grande,logistic,1,2019.85,0.502383,0.0508929,57
wino_grande,gompertz,1,2019.01,0.416204,0.0529199,57
