benchmark,n_models,n_rows,first_date,last_date,current_sota,crossed_90,crossed_95,projected_95
adversarial_nli,11,15,2022-01-27,2024-04-23,0.581,,,2030-10-11
aider_polyglot,71,72,2024-03-26,2025-12-01,0.88,,,2025-11-17
apex_agents,49,49,2024-11-20,2026-06-16,0.496,,,2028-01-24
arc_agi,158,158,2024-09-12,2026-07-09,0.98,2025-12-11,2026-02-19,
arc_agi_2,149,157,2024-07-18,2026-07-09,0.925,2026-07-09,,2026-06-13
arc_ai2,76,106,2019-11-05,2024-12-26,0.953,2024-04-23,2024-07-23,
balrog,35,36,2024-05-13,2026-02-19,0.581,,,2029-10-08
bbh,50,75,2023-02-24,2024-12-26,0.892,,,2025-04-18
bool_q,65,96,2019-11-05,2024-08-17,0.909,2023-05-17,,
cad_eval,14,14,2024-03-07,2025-04-16,0.74,,,2026-03-20
chess_puzzles,56,56,2025-01-31,2026-07-09,0.64,,,2027-11-08
cl_bench,22,22,2025-04-16,2026-03-31,0.279,,,2032-04-01
cl_bench_life,16,16,2025-09-29,2026-04-24,0.222,,,2029-12-15
common_sense_qa_2,3,3,2022-01-27,2023-07-18,0.57,,,
critpt,69,69,2024-07-23,2026-07-09,0.323,,,2028-03-18
cursorbench,28,28,2026-01-27,2026-07-09,0.729,,,2027-01-04
cybench,22,22,2024-02-15,2026-02-05,0.93,2026-02-05,,2026-12-01
exploitbench,9,16,2025-10-15,2026-04-23,0.41,,,2028-01-29
fictionlivebench,42,42,2024-12-17,2026-01-27,1.0,2025-03-25,2025-04-16,
frontiercode,11,11,2026-01-27,2026-05-28,0.134,,,
frontiermath,101,101,2024-06-20,2026-05-28,0.524,,,2028-01-20
frontiermath_tier_4,72,72,2024-06-20,2026-05-28,0.479,,,2027-07-31
gbaeval,16,16,2026-02-05,2026-06-16,0.745,,,2027-01-31
gdp_pdf,9,9,2025-12-17,2026-06-09,0.3,,,2027-12-24
gdpval,11,11,2024-11-20,2025-12-11,0.497,,,2027-11-07
gpqa_diamond,181,181,2023-03-14,2026-07-09,0.946,2025-11-18,,2026-07-01
gsm8k,85,134,2020-06-22,2024-11-29,0.945,2023-03-14,,
gso,36,36,2024-10-22,2026-04-23,0.441,,,2027-05-31
hella_swag,70,93,2019-11-05,2024-12-26,0.953,2023-03-14,2023-03-14,
hle,46,51,2024-09-24,2026-04-16,0.464,,,2028-01-19
lambada,26,31,2021-12-08,2023-11-30,0.872,,,
live_bench,50,52,2024-02-29,2025-11-13,0.823,,,2026-06-07
math_level_5,108,108,2023-06-13,2025-10-15,0.981,2024-12-17,2025-01-31,
mmlu,135,196,2021-08-05,2025-02-26,0.881,,,
open_book_qa,42,58,2019-11-05,2024-04-23,0.88,,,2026-12-30
os_world,9,20,2024-09-19,2026-02-17,0.721,,,2027-02-07
osworld_2,7,9,2026-02-17,2026-06-01,0.206,,,2027-12-24
otis_mock_aime_2024_2025,154,154,2023-03-14,2026-07-09,1.0,2025-08-07,2025-12-11,
piqa,59,79,2019-11-05,2024-12-26,0.887,,,
posttrainbench,27,30,2025-09-24,2026-06-16,0.343,,,2028-06-08
rli,10,10,2025-06-05,2026-06-09,0.161,,,2028-01-09
scicode,67,68,2024-07-23,2026-07-09,0.602,,,2029-04-19
science_qa,23,26,2022-01-27,2024-08-16,0.913,2024-08-16,,
simplebench,91,91,2024-02-29,2026-07-09,0.819,,,2027-06-22
simpleqa_verified,64,64,2024-10-22,2026-07-09,0.773,,,2027-05-01
superglue,1,1,2022-01-27,2022-01-27,0.718,,,
swe_bench_verified,33,35,2024-11-20,2026-06-16,0.835,,,2027-06-13
terminalbench,59,175,2025-06-17,2026-04-23,0.902,2026-04-16,,2026-08-10
the_agent_company,14,16,2024-06-07,2025-09-29,0.524,,,2027-07-26
trivia_qa,38,101,2021-12-08,2024-12-26,0.876,,,
video_mme,50,50,2023-08-20,2025-06-18,0.797,,,
vpct,38,38,2024-06-20,2025-12-17,0.91,2025-11-18,,2026-12-01
weirdml,143,144,2023-06-13,2026-07-09,0.888,,,2027-08-11
wino_grande,80,103,2019-11-05,2024-12-26,0.892,,,
