benchmark,n_models,first_date,current_sota,crossed_95,projected_95,lifespan_yr,model,ceiling,rate_k,vmax
arc_ai2,76,2019-11-05,0.953,2024-07-23,,4.71419,logistic,0.979257,1.22126,16.3
hella_swag,70,2019-11-05,0.953,2023-03-14,,3.35359,logistic,1,0.774365,5.4
gsm8k,85,2020-06-22,0.945,,,,gompertz,0.926597,2.74018,18.7
mmlu,135,2021-08-05,0.881,,,,gompertz,0.859423,2.12399,11.4333
gpqa_diamond,181,2023-03-14,0.946,,2026-07-01,3.29884,logistic,1,1.16118,5.37668
otis_mock_aime_2024_2025,154,2023-03-14,1,2025-12-11,,2.74584,gompertz,0.943352,3.91037,13.3796
math_level_5,108,2023-06-13,0.981,2025-01-31,,1.6371,logistic,1,2.41324,12.5
cybench,22,2024-02-15,0.93,,2026-12-01,2.79238,logistic,1,2.50174,13
frontiermath,101,2024-06-20,0.524,,2028-01-20,3.58355,gompertz,0.623059,1.58043,
frontiermath_tier_4,72,2024-06-20,0.479,,2027-07-31,3.10994,logistic,0.650109,3.28005,
arc_agi_2,149,2024-07-18,0.925,,2026-06-13,1.90265,logistic,0.938613,6.19985,15.6467
critpt,69,2024-07-23,0.323,,2028-03-18,3.65199,logistic,0.376394,3.98003,
arc_agi,158,2024-09-12,0.98,2026-02-19,,1.43725,logistic,1,2.73082,8.76667
hle,46,2024-09-24,0.464,,2028-01-19,3.318,gompertz,0.977712,0.966062,
gdpval,11,2024-11-20,0.497,,2027-11-07,2.96211,logistic,0.51557,4.40329,
swe_bench_verified,33,2024-11-20,0.835,,2027-06-13,2.55968,logistic,0.777152,5.37135,10.4424
fictionlivebench,42,2024-12-17,1,2025-04-16,,0.328515,,,,
terminalbench,59,2025-06-17,0.902,,2026-08-10,1.14707,,,,
exploitbench,9,2025-10-15,0.41,,2028-01-29,2.28866,,,,
osworld_2,7,2026-02-17,0.206,,2027-12-24,1.8479,,,,
